{"cameraMode":{"drawMode":0,"name":"Shaded","section":"Shading Mode"},"sceneLighting":false,"audioPlay":false,"sceneViewState":{"showFog":true,"showMaterialUpdate":false,"showSkybox":false,"showFlares":true,"showImageEffects":true,"showParticleSystems":true},"in2DMode":false,"pivot":{"x":0.0,"y":-0.6131250858306885,"z":-2.2458999156951906},"rotation":{"x":-0.043987590819597247,"y":-0.0697782039642334,"z":0.003079979680478573,"w":-0.9965919256210327},"size":5.206092357635498,"orthographic":false}