{"cameraMode":{"drawMode":0,"name":"Shaded","section":"Shading Mode"},"sceneLighting":true,"audioPlay":false,"sceneViewState":{"showFog":true,"showMaterialUpdate":false,"showSkybox":true,"showFlares":true,"showImageEffects":true,"showParticleSystems":true},"in2DMode":false,"pivot":{"x":0.05742897093296051,"y":56.76062774658203,"z":-56.19465637207031},"rotation":{"x":-0.3627169728279114,"y":0.260562002658844,"z":-0.10637125372886658,"w":-0.8884363770484924},"size":1.0078661441802979,"orthographic":false}