{"cameraMode":{"drawMode":0,"name":"Shaded","section":"Shading Mode"},"sceneLighting":false,"audioPlay":false,"sceneViewState":{"showFog":true,"showMaterialUpdate":false,"showSkybox":false,"showFlares":true,"showImageEffects":true,"showParticleSystems":true},"in2DMode":false,"pivot":{"x":0.23227545619010926,"y":-0.02526071108877659,"z":0.07961679995059967},"rotation":{"x":0.3982735276222229,"y":0.38895875215530398,"z":-0.19165170192718507,"w":0.8083131313323975},"size":0.8660256266593933,"orthographic":false}