{"cameraMode":{"drawMode":0,"name":"Shaded","section":"Shading Mode"},"sceneLighting":false,"audioPlay":false,"sceneViewState":{"showFog":true,"showMaterialUpdate":false,"showSkybox":false,"showFlares":true,"showImageEffects":true,"showParticleSystems":true},"in2DMode":false,"pivot":{"x":1.776440143585205,"y":-1.103380560874939,"z":-2.205172538757324},"rotation":{"x":-0.11017804592847824,"y":-0.8574231266975403,"z":0.20601963996887208,"w":-0.45852193236351015},"size":2.6934092044830324,"orthographic":false}