{"cameraMode":{"drawMode":0,"name":"Shaded","section":"Shading Mode"},"sceneLighting":false,"audioPlay":false,"sceneViewState":{"showFog":true,"showMaterialUpdate":false,"showSkybox":false,"showFlares":true,"showImageEffects":true,"showParticleSystems":true},"in2DMode":false,"pivot":{"x":0.19043050706386567,"y":2.597351551055908,"z":0.8919767141342163},"rotation":{"x":-0.15667681396007539,"y":0.5943214297294617,"z":-0.11944179236888886,"w":-0.7797254323959351},"size":0.37037092447280886,"orthographic":false}