{"cameraMode":{"drawMode":0,"name":"Shaded","section":"Shading Mode"},"sceneLighting":false,"audioPlay":false,"sceneViewState":{"showFog":true,"showMaterialUpdate":false,"showSkybox":false,"showFlares":true,"showImageEffects":true,"showParticleSystems":true},"in2DMode":false,"pivot":{"x":-0.6528388857841492,"y":1.0396881103515626,"z":2.6502928733825685},"rotation":{"x":0.21342547237873078,"y":-0.18247798085212708,"z":0.0406489223241806,"w":0.9589051008224487},"size":24.92742347717285,"orthographic":false}