{"cameraMode":{"drawMode":0,"name":"Shaded","section":"Shading Mode"},"sceneLighting":false,"audioPlay":false,"sceneViewState":{"showFog":true,"showMaterialUpdate":false,"showSkybox":false,"showFlares":true,"showImageEffects":true,"showParticleSystems":true},"in2DMode":false,"pivot":{"x":26.099441528320314,"y":4.049381732940674,"z":29.443634033203126},"rotation":{"x":-0.2389320433139801,"y":0.47952064871788027,"z":-0.13754227757453919,"w":-0.8330987691879273},"size":6.876208305358887,"orthographic":false}