{"cameraMode":{"drawMode":0,"name":"Shaded","section":"Shading Mode"},"sceneLighting":false,"audioPlay":false,"sceneViewState":{"showFog":true,"showMaterialUpdate":false,"showSkybox":false,"showFlares":true,"showImageEffects":true,"showParticleSystems":true},"in2DMode":false,"pivot":{"x":-0.96706223487854,"y":0.40643665194511416,"z":0.2171047329902649},"rotation":{"x":-0.05640352517366409,"y":-0.8522473573684692,"z":0.09395959228277207,"w":-0.5115318298339844},"size":0.04785299301147461,"orthographic":false}