{"cameraMode":{"drawMode":0,"name":"Shaded","section":"Shading Mode"},"sceneLighting":false,"audioPlay":false,"sceneViewState":{"showFog":true,"showMaterialUpdate":false,"showSkybox":false,"showFlares":true,"showImageEffects":true,"showParticleSystems":true},"in2DMode":false,"pivot":{"x":0.0,"y":1.0000001192092896,"z":-1.1920928955078126e-7},"rotation":{"x":0.24387407302856446,"y":-0.49550899863243105,"z":0.14730040729045869,"w":0.8205479383468628},"size":5.832122325897217,"orthographic":false}